,אורחת,כמות ביטויי אלימות מילולית. 0-24 שעות לפני המשחק,כמות ביטויי אלימות מילולית. 130- 154 שעות לפני המשחק,כמות ביטויי אלימות מילולית. 154-178 שעות לפני המשחק,כמות ביטויי אלימות מילולית. 24-48 שעות לפני המשחק,כמות ביטויי אלימות מילולית. 3 שעות לפני המשחק,כמות ביטויי אלימות מילולית. 48-72 שעות לפני המשחק,כמות ביטויי אלימות מילולית. 72-96 שעות לפני המשחק,כמות ביטויי אלימות מילולית. 96-130 שעות לפני המשחק,כמות ביטויי דרמטיזציה. 0-24 שעות לפני המשחק,כמות ביטויי דרמטיזציה. 130-154 שעות לפני המשחק,כמות ביטויי דרמטיזציה. 24-48 שעות לפני המשחק,כמות ביטויי דרמטיזציה. 3 שעות לפני המשחק.,כמות ביטויי דרמטיזציה. 48-72 שעות לפני המשחק,כמות ביטויי דרמטיזציה. 72-96 שעות לפני המשחק,כמות ביטויי דרמטיזציה. 96-130 שעות לפני המשחק,כמות ביטויי התארגנות. 0-24 שעות לפני המשחק,כמות ביטויי התארגנות. 130-154 שעות לפני המשחק,כמות ביטויי התארגנות. 154-178 שעות לפני המשחק,כמות ביטויי התארגנות. 24-48 שעות לפני המשחק,כמות ביטויי התארגנות. 3 שעות לפני המשחק,כמות ביטויי התארגנות. 48-72 שעות לפני המשחק,כמות ביטויי התארגנות. 72-96 שעות לפני המשחק.,כמות ביטויי התארגנות. 96-130 שעות לפני המשחק,כמות ביטויי קללות. 0-24 שעות לפני המשחק,כמות ביטויי קללות. 130-154 שעות לפני המשחק,כמות ביטויי קללות. 154-178 שעות לפני המשחק,כמות ביטויי קללות. 24-48 שעות לפני המשחק,כמות ביטויי קללות. 3 שעות לפני המשחק,כמות ביטויי קללות. 48-72 שעות לפני המשחק,כמות ביטויי קללות. 72-96 שעות לפני המשחק,כמות ביטויי קללות. 96-130. שעות לפני המשחק,כמות ביטויי רגשות חיוביים. 0-24 שעות לפני המשחק,כמות ביטויי רגשות חיוביים. 130-154 שעות לפני המשחק,כמות ביטויי רגשות חיוביים. 154-178 שעות לפני המשחק,כמות ביטויי רגשות חיוביים. 24-48 שעות לפני המשחק,כמות ביטויי רגשות חיוביים. 3 שעות לפני המשחק,כמות ביטויי רגשות חיוביים. 48-72 שעות לפני המשחק,כמות ביטויי רגשות חיוביים. 72-96 שעות לפני המשחק,כמות ביטויי רגשות חיוביים. 96-130 שעות לפני המשחק,כמות ביטויי רגשות שליליים. 0-24 שעות לפני המשחק,כמות ביטויי רגשות שליליים. 130-154 שעות לפני המשחק,כמות ביטויי רגשות שליליים. 154-178 שעות לפני המשחק,כמות ביטויי רגשות שליליים. 24-48 שעות לפני המשחק,כמות ביטויי רגשות שליליים. 3 שעות לפני המשחק,כמות ביטויי רגשות שליליים. 48-72 שעות לפני המשחק,כמות ביטויי רגשות שליליים. 72-96 שעות לפני המשחק,כמות ביטויי רגשות שליליים. 96-130 שעות לפני המשחק,כמות דרמטיזציה. 154-178 שעות לפני המשחק,כמות לייקים לביטויי דרמטיזציה. 0-24 שעות לפני המשחק,כמות לייקים לביטויי דרמטיזציה. 130-154 שעות לפני המשחק,כמות לייקים לביטויי דרמטיזציה. 154-178 שעות לפני המשחק,כמות לייקים לביטויי דרמטיזציה. 24-48 שעות לפני המשחק,כמות לייקים לביטויי דרמטיזציה. 3 שעות לפני המשחק,כמות לייקים לביטויי דרמטיזציה. 48-72 שעות לפני המשחק,כמות לייקים לביטויי דרמטיזציה. 72-96 שעות לפני המשחק,כמות לייקים לביטויי דרמטיזציה. 96-130 שעות לפני המשחק,כמות לייקים לביטויי התארגנות. 0-24 שעות לפני המשחק,כמות לייקים לביטויי התארגנות. 130-154 שעות לפני המשחק,כמות לייקים לביטויי התארגנות. 154-178 שעות לפני המשחק,כמות לייקים לביטויי התארגנות. 24-48 שעות לפני המשחק,כמות לייקים לביטויי התארגנות. 3 שעות לפני המשחק,כמות לייקים לביטויי התארגנות. 48-72 שעות לפני המשחק,כמות לייקים לביטויי התארגנות. 72-96 שעות לפני המשחק,כמות לייקים לביטויי התארגנות. 96-130 שעות לפני המשחק,כמות לייקים לביטויי קללות. 0-24 שעות לפני המשחק,כמות לייקים לביטויי קללות. 130-154 שעות לפני המשחק,כמות לייקים לביטויי קללות. 154-178 שעות לפני המשחק,כמות לייקים לביטויי קללות. 24-48 שעות לפני המשחק,כמות לייקים לביטויי קללות. 3 שעות לפני המשחק,כמות לייקים לביטויי קללות. 48-72 שעות לפני המשחק,כמות לייקים לביטויי קללות. 72-96 שעות לפני המשחק,כמות לייקים לביטויי קללות. 96-130 שעות לפני המשחק,כמות לייקים לרגשות חיוביים. 0-24 שעות לפני המשחק,כמות לייקים לרגשות חיוביים. 130-154 שעות לפני המשחק,כמות לייקים לרגשות חיוביים. 154-178 שעות לפני המשחק,כמות לייקים לרגשות חיוביים. 24-48 שעות לפני המשחק,כמות לייקים לרגשות חיוביים. 3 שעות לפני המשחק,כמות לייקים לרגשות חיוביים. 48-72 שעות לפני המשחק,כמות לייקים לרגשות חיוביים. 72-96 שעות לפני המשחק,כמות לייקים לרגשות חיוביים. 96-130 שעות לפני המשחק,כמות לייקים לרגשות שליליים. 0-24 שעות לפני המשחק,כמות לייקים לרגשות שליליים. 130-154 שעות לפני המשחק,כמות לייקים לרגשות שליליים. 154-178 שעות לפני המשחק,כמות לייקים לרגשות שליליים. 24-48 שעות לפני המשחק,כמות לייקים לרגשות שליליים. 3 שעות לפני המשחק,כמות לייקים לרגשות שליליים. 48-72 שעות לפני המשחק,כמות לייקים לרגשות שליליים. 72-96 שעות לפני המשחק,כמות לייקים לרגשות שליליים. 96-130 שעות לפני המשחק,מארחת,מועד המשחק,שעה,sum,mean,std,max,kmeans3,kmeans5
0,הפועל_חיפה,7,1,1,0,1.0,5,1,0,40,0,6,2,18,2,0,9,0,0,2,0,11,1,1,9,0,1,5.0,0,5,1,0,56,1,2,7,6,10,4,0,0,0,0,0,0,1,0,0,2,8,0,0,3,2,4,3,0,2,0,0,3,0,5,1,0,1,0,0,2,0,3,0,0,25.0,0.0,0.0,1.0,6.0,8.0,10.0,0.0,0,0,0,0,0.0,0,0,0,ביתר_ירושלים,2017-09-16,20:30:00,2,0.2222222222222222,0.44095855184409843,1,1,2
1,הפועל_חיפה,37,9,0,39,7.0,5,55,15,34,48,14,7,54,69,40,22,13,0,14,5,34,20,21,54,23,0,38.0,8,49,107,21,44,50,0,39,13,7,70,28,28,3,0,2,6,7,37,4,0,116,121,0,16,7,266,678,224,20,61,0,4,5,125,393,165,130,35,0,134,8,73,770,153,176.0,192.0,0.0,131.0,13.0,11.0,661.0,45.0,51,5,0,88,6.0,6,175,24,ביתר_ירושלים,2017-09-16,20:30:00,2,0.2222222222222222,0.44095855184409843,1,1,2
2,הפועל_חיפה,0,0,1,0,0.0,0,0,0,0,0,0,0,0,0,0,0,0,1,0,0,0,0,0,0,0,2,0.0,0,0,0,0,0,0,6,0,0,0,0,0,0,0,1,0,0,0,0,0,4,0,0,8,0,0,0,0,0,0,0,0,0,0,0,0,0,0,0,8,0,0,0,0,0,0.0,0.0,11.0,0.0,0.0,0.0,0.0,0.0,0,0,1,0,0.0,0,0,0,מכבי_נתניה,2017-11-04,18:15:00,2,0.2222222222222222,0.44095855184409843,1,0,0
3,הפועל_חיפה,6,3,4,2,3.0,5,1,2,13,7,14,5,3,2,9,10,3,4,19,7,2,1,8,5,5,4,10.0,6,6,5,10,15,8,7,17,11,11,3,7,0,0,1,0,1,0,0,0,6,3,5,10,5,5,0,1,4,1,0,3,0,7,0,0,0,4,2,8,2,6,0,1,3,3.0,4.0,10.0,7.0,11.0,9.0,0.0,2.0,0,0,2,0,1.0,0,0,0,מכבי_נתניה,2017-11-04,18:15:00,2,0.2222222222222222,0.44095855184409843,1,0,0
4,מכבי_חיפה,1,1,0,1,3.0,4,0,0,5,3,4,6,8,0,0,2,1,0,2,1,8,0,0,4,1,0,3.0,5,6,0,2,8,3,0,6,16,9,0,0,0,0,0,0,1,0,0,0,0,3,2,0,0,6,10,0,0,0,1,0,0,1,7,0,0,2,1,0,0,5,6,0,0,5.0,0.0,0.0,3.0,16.0,7.0,0.0,0.0,0,0,0,0,1.0,0,0,0,הפועל_חיפה,2017-12-04,21:00:00,3,0.3333333333333333,0.5,1,1,2
5,מכבי_חיפה,1,1,0,1,3.0,4,0,0,5,3,4,6,8,0,0,2,1,0,2,1,8,0,0,4,1,0,3.0,5,6,0,2,8,3,0,6,16,9,0,0,0,0,0,0,1,0,0,0,0,3,2,0,0,6,10,0,0,0,1,0,0,1,7,0,0,2,1,0,0,5,6,0,0,5.0,0.0,0.0,3.0,16.0,7.0,0.0,0.0,0,0,0,0,1.0,0,0,0,הפועל_חיפה,2017-12-04,21:00:00,3,0.3333333333333333,0.5,1,0,0
6,ביתר_ירושלים,3,1,1,2,2.0,0,9,4,9,0,7,6,3,29,6,1,2,1,3,1,0,5,4,2,0,1,2.0,5,0,16,2,9,11,0,3,1,4,42,14,0,0,1,0,1,0,2,0,2,6,0,0,2,6,0,11,1,1,0,0,3,1,0,1,1,2,0,0,2,5,0,3,0,3.0,0.0,0.0,0.0,1.0,0.0,6.0,2.0,0,0,0,0,1.0,0,0,0,הפועל_חיפה,2018-01-08,20:30:00,3,0.3333333333333333,0.7071067811865476,2,0,0
7,ביתר_ירושלים,0,0,0,0,0.0,0,0,0,0,0,0,0,0,0,0,0,0,0,0,0,0,0,0,0,0,0,0.0,0,0,0,0,0,0,0,0,0,0,0,0,0,0,0,0,0,0,0,0,0,0,0,0,0,0,0,0,0,0,0,0,0,0,0,0,0,0,0,0,0,0,0,0,0,0.0,0.0,0.0,0.0,0.0,0.0,0.0,0.0,0,0,0,0,0.0,0,0,0,הפועל_חיפה,2018-01-08,20:30:00,3,0.3333333333333333,0.7071067811865476,2,0,0
8,ביתר_ירושלים,0,0,0,0,0.0,0,0,0,0,0,0,0,0,0,0,0,0,0,0,0,0,0,0,0,0,0,0.0,0,0,0,0,0,0,0,0,0,0,0,0,0,0,0,0,0,0,0,0,0,0,0,0,0,0,0,0,0,0,0,0,0,0,0,0,0,0,0,0,0,0,0,0,0,0.0,0.0,0.0,0.0,0.0,0.0,0.0,0.0,0,0,0,0,0.0,0,0,0,הפועל_חיפה,2018-01-08,20:30:00,3,0.3333333333333333,0.7071067811865476,2,0,0
9,הפועל_חיפה,0,0,0,0,0.0,0,0,0,0,0,0,0,0,0,0,0,0,0,0,0,0,0,0,0,0,0,0.0,0,0,0,0,0,0,1,0,0,0,0,0,0,0,0,0,0,0,0,0,1,0,0,0,0,0,0,0,0,0,0,0,0,0,0,0,0,0,0,0,0,0,0,0,0,0.0,0.0,0.0,0.0,0.0,0.0,0.0,0.0,0,0,0,0,0.0,0,0,0,רעננה,2018-02-10,16:00:00,1,0.1111111111111111,0.3333333333333333,1,1,2
10,הפועל_חיפה,0,0,0,0,0.0,0,0,0,0,0,0,0,0,0,0,0,0,0,0,0,0,0,0,0,0,0,0.0,0,0,0,0,0,0,0,0,0,0,0,0,0,0,0,0,0,0,0,0,0,0,0,0,0,0,0,0,0,0,0,0,0,0,0,0,0,0,0,0,0,0,0,0,0,0.0,0.0,0.0,0.0,0.0,0.0,0.0,0.0,0,0,0,0,0.0,0,0,0,רעננה,2018-02-10,16:00:00,1,0.1111111111111111,0.3333333333333333,1,2,4
11,הפועל_חיפה,7,3,1,1,9.0,1,7,4,7,2,1,14,2,12,2,1,6,2,0,4,3,16,3,3,2,2,0.0,3,3,5,2,16,5,6,2,34,3,15,2,0,1,0,0,3,0,1,2,2,2,2,13,0,14,1,18,0,0,3,11,0,4,0,11,0,1,2,11,0,3,1,6,0,10.0,3.0,13.0,0.0,34.0,1.0,12.0,0.0,0,0,0,0,3.0,0,6,0,מכבי_תל_אביב,2018-03-18,21:00:00,1,0.1111111111111111,0.3333333333333333,1,0,0
12,הפועל_חיפה,42,8,16,8,57.0,1,2,1,62,28,9,85,12,8,4,20,13,21,0,14,5,3,0,52,20,33,7.0,83,9,3,4,47,30,42,25,50,35,5,3,21,5,5,1,45,0,0,0,39,232,95,42,61,85,37,4,2,89,48,18,0,14,1,1,0,222,51,26,36,83,38,3,0,200.0,33.0,19.0,92.0,50.0,32.0,1.0,1.0,61,5,4,1,45.0,0,0,0,מכבי_תל_אביב,2018-03-18,21:00:00,1,0.1111111111111111,0.3333333333333333,1,1,2
13,הפועל_חיפה,1,1,2,17,1.0,31,3,2,1,12,23,1,28,14,5,0,14,10,0,0,6,15,4,3,9,2,17.0,1,24,1,1,4,14,3,18,2,119,14,12,3,0,0,1,1,3,1,0,3,0,7,1,14,1,61,2,1,0,2,3,0,0,8,3,0,2,6,1,14,1,43,0,1,2.0,9.0,1.0,11.0,2.0,164.0,2.0,1.0,1,0,0,3,1.0,4,1,0,מכבי_נתניה,2018-05-12,18:00:00,3,0.3333333333333333,0.5,1,0,0
14,הפועל_חיפה,4,2,0,3,0.0,0,2,6,5,5,2,0,3,3,13,5,7,1,0,0,0,0,9,3,4,2,4.0,0,3,5,15,8,5,0,2,0,4,7,16,2,1,0,2,0,2,1,3,3,11,2,2,5,0,2,1,5,6,2,2,0,0,0,0,3,7,2,0,7,0,2,1,8,10.0,2.0,0.0,5.0,0.0,3.0,2.0,9.0,2,0,0,5,0.0,1,0,1,מכבי_נתניה,2018-05-12,18:00:00,3,0.3333333333333333,0.5,1,0,0
15,רעננה,0,0,0,0,0.0,0,0,0,0,0,0,0,0,0,0,0,0,0,0,0,0,0,0,0,0,0,0.0,0,0,0,0,0,0,0,0,0,0,0,0,0,0,0,0,0,0,0,0,0,0,0,0,0,0,0,0,0,0,0,0,0,0,0,0,0,0,0,0,0,0,0,0,0,0.0,0.0,0.0,0.0,0.0,0.0,0.0,0.0,0,0,0,0,0.0,0,0,0,מס_אשדוד,2017-11-26,19:00:00,1,0.1111111111111111,0.3333333333333333,1,0,0
16,רעננה,0,0,0,0,1.0,1,1,0,0,10,0,5,1,0,1,1,0,0,0,0,3,2,0,0,0,0,1.0,2,1,2,0,4,0,0,4,2,3,4,0,0,0,0,0,2,0,0,0,2,4,0,0,0,3,4,2,0,0,0,0,0,0,0,1,0,0,0,0,0,2,0,1,0,0.0,0.0,0.0,0.0,2.0,0.0,2.0,0.0,0,0,0,0,2.0,0,0,0,מס_אשדוד,2017-11-26,19:00:00,1,0.1111111111111111,0.3333333333333333,1,0,0
17,מכבי_פתח_תקווה,0,0,0,0,0.0,0,0,0,0,0,0,0,0,0,0,0,0,0,0,0,0,0,0,0,0,0,0.0,0,0,0,0,0,0,0,0,0,0,0,0,0,0,0,0,0,0,0,0,0,0,0,0,0,0,0,0,0,0,0,0,0,0,0,0,0,0,0,0,0,0,0,0,0,0.0,0.0,0.0,0.0,0.0,0.0,0.0,0.0,0,0,0,0,0.0,0,0,0,רעננה,2017-12-03,19:00:00,1,0.1111111111111111,0.3333333333333333,1,0,0
18,מכבי_פתח_תקווה,0,0,0,0,0.0,0,0,0,0,0,0,0,0,0,0,0,0,0,0,0,0,0,0,0,0,0,0.0,0,0,0,0,0,0,0,0,0,0,0,0,0,0,0,0,0,0,0,0,0,0,0,0,0,0,0,0,0,0,0,0,0,0,0,0,0,0,0,0,0,0,0,0,0,0.0,0.0,0.0,0.0,0.0,0.0,0.0,0.0,0,0,0,0,0.0,0,0,0,רעננה,2017-12-03,19:00:00,1,0.1111111111111111,0.3333333333333333,1,1,1
19,רעננה,0,0,0,0,0.0,0,0,0,0,0,0,0,0,0,0,0,0,0,0,0,0,0,0,0,0,0,0.0,0,0,0,0,0,0,0,0,0,0,0,0,0,0,0,0,0,0,0,0,0,0,0,0,0,0,0,0,0,0,0,0,0,0,0,0,0,0,0,0,0,0,0,0,0,0.0,0.0,0.0,0.0,0.0,0.0,0.0,0.0,0,0,0,0,0.0,0,0,0,ביתר_ירושלים,2017-12-09,20:30:00,2,0.2222222222222222,0.44095855184409843,1,0,0
20,רעננה,0,0,0,0,0.0,0,0,0,0,0,0,0,0,0,0,0,0,0,0,0,0,0,0,0,0,0,0.0,0,0,0,0,0,0,0,0,0,0,0,0,0,0,0,0,0,0,0,0,0,0,0,0,0,0,0,0,0,0,0,0,0,0,0,0,0,0,0,0,0,0,0,0,0,0.0,0.0,0.0,0.0,0.0,0.0,0.0,0.0,0,0,0,0,0.0,0,0,0,ביתר_ירושלים,2017-12-09,20:30:00,2,0.2222222222222222,0.44095855184409843,1,0,0
21,רעננה,0,0,0,0,0.0,0,0,0,0,0,0,0,0,0,0,0,0,0,0,0,0,0,0,0,0,0,0.0,0,0,0,0,0,0,0,0,0,0,0,0,0,0,0,0,0,0,0,0,0,0,0,0,0,0,0,0,0,0,0,0,0,0,0,0,0,0,0,0,0,0,0,0,0,0.0,0.0,0.0,0.0,0.0,0.0,0.0,0.0,0,0,0,0,0.0,0,0,0,קרית_שמונה,2017-12-17,19:00:00,1,0.1111111111111111,0.3333333333333333,1,0,0
22,בני_סכנין,0,0,0,0,0.0,0,0,0,0,0,0,0,0,0,0,0,0,0,0,0,0,0,0,0,0,0,0.0,0,0,0,0,0,0,0,0,0,0,0,0,0,0,0,0,0,0,0,0,0,0,0,0,0,0,0,0,0,0,0,0,0,0,0,0,0,0,0,0,0,0,0,0,0,0.0,0.0,0.0,0.0,0.0,0.0,0.0,0.0,0,0,0,0,0.0,0,0,0,רעננה,2017-12-24,19:00:00,1,0.1111111111111111,0.3333333333333333,1,0,0
23,בני_סכנין,1,0,1,1,0.0,0,0,0,0,0,4,1,0,0,0,0,0,0,0,0,0,0,0,0,0,0,7.0,1,0,0,0,0,0,0,4,0,0,1,0,0,0,1,0,0,0,0,0,0,0,0,0,1,1,0,0,0,0,0,0,0,0,0,0,0,0,0,0,1,1,0,0,0,0.0,0.0,0.0,1.0,0.0,0.0,0.0,0.0,0,0,1,0,0.0,0,0,0,רעננה,2017-12-24,19:00:00,1,0.1111111111111111,0.3333333333333333,1,0,0
24,רעננה,0,0,0,0,0.0,0,0,0,0,0,0,0,0,0,0,0,0,0,0,0,0,0,0,0,0,0,0.0,0,0,0,0,0,0,0,0,0,0,0,0,0,0,0,0,0,0,0,0,0,0,0,0,0,0,0,0,0,0,0,0,0,0,0,0,0,0,0,0,0,0,0,0,0,0.0,0.0,0.0,0.0,0.0,0.0,0.0,0.0,0,0,0,0,0.0,0,0,0,מכבי_נתניה,2017-12-30,18:15:00,0,0.0,0.0,0,0,0
25,רעננה,0,0,2,0,4.0,1,1,0,5,1,1,2,1,0,0,5,1,6,1,4,3,1,2,5,0,6,0.0,5,0,1,3,7,2,5,2,2,11,1,7,1,1,0,1,3,0,0,0,9,0,0,6,0,2,2,0,0,0,0,4,0,4,3,0,2,1,0,2,0,5,0,0,0,2.0,2.0,0.0,0.0,2.0,13.0,0.0,2.0,0,2,0,0,3.0,0,0,0,מכבי_נתניה,2017-12-30,18:15:00,0,0.0,0.0,0,0,0
26,מכבי_חיפה,0,0,0,0,0.0,0,0,0,0,0,0,0,0,0,0,0,0,0,0,0,0,0,0,0,0,0,0.0,0,0,0,0,0,0,0,0,0,0,0,0,0,0,0,0,0,0,0,0,0,0,0,0,0,0,0,0,0,0,0,0,0,0,0,0,0,0,0,0,0,0,0,0,0,0.0,0.0,0.0,0.0,0.0,0.0,0.0,0.0,0,0,0,0,0.0,0,0,0,רעננה,2018-01-10,20:30:00,1,0.1111111111111111,0.3333333333333333,1,0,0
27,רעננה,0,0,0,0,0.0,0,0,0,0,0,0,0,0,0,0,0,0,0,0,0,0,0,0,0,0,0,0.0,0,0,0,0,0,0,0,0,0,0,0,0,0,0,0,0,0,0,0,0,0,0,0,0,0,0,0,0,0,0,0,0,0,0,0,0,0,0,0,0,0,0,0,0,0,0.0,0.0,0.0,0.0,0.0,0.0,0.0,0.0,0,0,0,0,0.0,0,0,0,הפועל_אשקלון,2018-01-14,19:00:00,1,0.1111111111111111,0.3333333333333333,1,0,0
28,רעננה,3,0,0,1,8.0,2,1,0,51,0,21,44,22,25,0,4,0,0,1,5,2,3,0,14,0,0,7.0,15,7,8,0,13,0,0,10,16,10,10,0,1,0,0,0,7,2,2,0,0,18,0,0,4,44,10,7,0,0,0,0,0,5,2,2,0,1,0,0,2,15,6,4,0,4.0,0.0,0.0,2.0,16.0,7.0,4.0,0.0,2,0,0,0,7.0,0,0,0,הפועל_אשקלון,2018-01-14,19:00:00,1,0.1111111111111111,0.3333333333333333,1,0,0
29,בני_יהודה,0,0,0,0,0.0,0,0,0,0,0,0,0,0,0,0,0,0,0,0,0,0,0,0,0,0,0,0.0,0,0,0,0,0,0,0,0,0,0,0,0,0,0,0,0,0,0,0,0,0,0,0,0,0,0,0,0,0,0,0,0,0,0,0,0,0,0,0,0,0,0,0,0,0,0.0,0.0,0.0,0.0,0.0,0.0,0.0,0.0,0,0,0,0,0.0,0,0,0,רעננה,2018-01-20,18:00:00,1,0.1111111111111111,0.3333333333333333,1,0,0
30,בני_יהודה,3,3,1,1,0.0,5,0,0,15,12,14,2,15,2,2,3,2,0,1,1,0,0,0,7,1,0,2.0,3,10,1,0,18,11,1,7,1,28,3,2,5,0,0,11,1,4,0,0,1,20,9,1,5,2,15,0,0,1,3,0,0,1,0,0,0,13,0,0,0,3,80,0,0,24.0,6.0,1.0,0.0,1.0,83.0,0.0,0.0,8,0,0,27,1.0,7,0,0,רעננה,2018-01-20,18:00:00,1,0.1111111111111111,0.3333333333333333,1,0,0
31,רעננה,0,0,0,0,0.0,0,0,0,0,0,0,0,0,0,0,0,0,0,0,0,0,0,0,0,0,0,0.0,0,0,0,0,0,0,0,0,0,0,0,0,0,0,0,0,0,0,0,0,0,0,0,0,0,0,0,0,0,0,0,0,0,0,0,0,0,0,0,0,0,0,0,0,0,0.0,0.0,0.0,0.0,0.0,0.0,0.0,0.0,0,0,0,0,0.0,0,0,0,באר_שבע,2018-01-27,20:30:00,1,0.1111111111111111,0.3333333333333333,1,0,0
32,רעננה,0,0,0,0,0.0,0,0,0,0,0,0,0,0,0,0,0,0,0,0,0,0,0,0,0,0,0,0.0,0,0,0,0,0,0,0,0,0,0,0,0,0,0,0,0,0,0,0,0,0,0,0,0,0,0,0,0,0,0,0,0,0,0,0,0,0,0,0,0,0,0,0,0,0,0.0,0.0,0.0,0.0,0.0,0.0,0.0,0.0,0,0,0,0,0.0,0,0,0,באר_שבע,2018-01-27,20:30:00,1,0.1111111111111111,0.3333333333333333,1,0,0
33,עכו,0,0,0,0,0.0,0,0,0,0,0,0,0,0,0,0,0,0,0,0,0,0,0,0,0,0,0,0.0,0,0,0,0,0,0,0,0,0,0,0,0,0,0,0,0,0,0,0,0,0,0,0,0,0,0,0,0,0,0,0,0,0,0,0,0,0,0,0,0,0,0,0,0,0,0.0,0.0,0.0,0.0,0.0,0.0,0.0,0.0,0,0,0,0,0.0,0,0,0,רעננה,2018-02-03,18:15:00,1,0.1111111111111111,0.3333333333333333,1,0,0
34,עכו,0,0,0,1,0.0,1,0,2,1,0,1,0,5,0,6,0,0,0,0,0,1,1,2,0,0,0,0.0,0,0,0,4,1,0,0,1,0,2,1,3,1,0,0,0,0,0,0,2,0,0,0,0,0,0,0,0,0,0,0,0,0,0,0,1,0,0,0,0,0,0,0,0,2,0.0,0.0,0.0,0.0,0.0,0.0,0.0,2.0,0,0,0,0,0.0,0,0,2,רעננה,2018-02-03,18:00:00,1,0.1111111111111111,0.3333333333333333,1,0,0
35,רעננה,0,0,0,0,0.0,0,0,0,0,0,0,0,0,0,0,0,0,0,0,0,0,0,0,0,0,0,0.0,0,0,0,0,0,0,0,0,0,0,0,0,0,0,0,0,0,0,0,0,0,0,0,0,0,0,0,0,0,0,0,0,0,0,0,0,0,0,0,0,0,0,0,0,0,0.0,0.0,0.0,0.0,0.0,0.0,0.0,0.0,0,0,0,0,0.0,0,0,0,מכבי_תל_אביב,2018-02-17,16:00:00,1,0.1111111111111111,0.3333333333333333,1,0,0
36,רעננה,0,0,0,0,0.0,0,0,0,0,0,0,0,0,0,0,0,0,0,0,0,0,0,0,0,0,0,0.0,0,0,0,0,0,0,0,0,0,0,0,0,0,0,0,0,0,0,0,0,0,0,0,0,0,0,0,0,0,0,0,0,0,0,0,0,0,0,0,0,0,0,0,0,0,0.0,0.0,0.0,0.0,0.0,0.0,0.0,0.0,0,0,0,0,0.0,0,0,0,מכבי_תל_אביב,2018-02-17,16:00:00,1,0.1111111111111111,0.3333333333333333,1,0,0
37,רעננה,0,6,76,4,75.0,2,2,30,145,61,2,53,8,7,3,61,22,9,1,23,5,3,1,138,40,14,4.0,14,2,3,7,173,53,31,3,34,4,6,8,46,17,2,0,23,1,2,2,17,136,183,17,0,53,6,2,0,25,114,2,0,23,3,0,0,241,110,12,0,14,0,2,10,153.0,118.0,13.0,1.0,34.0,2.0,3.0,4.0,43,53,1,0,23.0,3,4,1,מכבי_תל_אביב,2018-02-17,16:00:00,1,0.1111111111111111,0.3333333333333333,1,0,0
38,רעננה,0,6,76,4,75.0,2,2,30,145,61,2,53,8,7,3,61,22,9,1,23,5,3,1,138,40,14,4.0,14,2,3,7,173,53,31,3,34,4,6,8,46,17,2,0,23,1,2,2,17,136,183,17,0,53,6,2,0,25,114,2,0,23,3,0,0,241,110,12,0,14,0,2,10,153.0,118.0,13.0,1.0,34.0,2.0,3.0,4.0,43,53,1,0,23.0,3,4,1,מכבי_תל_אביב,2018-02-17,16:00:00,1,0.1111111111111111,0.3333333333333333,1,0,0
39,מס_אשדוד,0,0,0,0,0.0,0,0,0,0,0,0,0,0,0,0,0,0,0,0,0,0,0,0,0,0,0,0.0,0,0,0,0,0,0,0,0,0,0,0,0,0,0,0,0,0,0,0,0,0,0,0,0,0,0,0,0,0,0,0,0,0,0,0,0,0,0,0,0,0,0,0,0,0,0.0,0.0,0.0,0.0,0.0,0.0,0.0,0.0,0,0,0,0,0.0,0,0,0,רעננה,2018-02-24,16:00:00,1,0.1111111111111111,0.3333333333333333,1,0,0
40,מס_אשדוד,0,0,4,0,2.0,0,0,0,1,2,3,6,1,0,1,0,2,2,0,1,1,0,0,1,1,3,1.0,7,1,1,1,0,2,8,0,2,1,1,3,0,0,1,0,2,0,0,0,5,0,0,3,2,6,0,0,1,0,0,1,0,1,0,0,0,0,0,3,2,7,0,0,1,0.0,1.0,8.0,0.0,2.0,0.0,0.0,1.0,0,0,0,0,2.0,0,0,0,רעננה,2018-02-24,16:00:00,1,0.1111111111111111,0.3333333333333333,1,0,0
41,רעננה,0,0,0,0,0.0,0,0,0,0,0,0,0,0,0,0,0,0,0,0,0,0,0,0,0,0,0,0.0,0,0,0,0,0,0,0,0,0,0,0,0,0,0,0,0,0,0,0,0,0,0,0,0,0,0,0,0,0,0,0,0,0,0,0,0,0,0,0,0,0,0,0,0,0,0.0,0.0,0.0,0.0,0.0,0.0,0.0,0.0,0,0,0,0,0.0,0,0,0,מכבי_פתח_תקווה,2018-03-18,19:00:00,1,0.1111111111111111,0.3333333333333333,1,0,0
42,מכבי_חיפה,6,1,0,1,2.0,0,0,0,6,3,1,7,0,1,1,2,2,0,1,2,0,1,0,1,1,0,1.0,2,0,0,0,13,2,0,1,13,0,4,1,0,0,0,0,0,0,0,0,0,30,6,0,3,7,0,1,0,0,6,0,3,2,0,0,0,0,0,0,3,2,0,0,0,34.0,7.0,0.0,3.0,13.0,0.0,0.0,0.0,0,0,0,0,0.0,0,0,0,מכבי_פתח_תקווה,2017-10-14,18:00:00,2,0.2222222222222222,0.44095855184409843,1,0,0
43,מכבי_חיפה,0,3,0,0,0.0,0,0,0,7,1,1,0,0,2,1,2,0,0,0,0,0,1,0,3,1,2,3.0,0,0,1,0,7,1,3,2,1,1,4,1,1,0,0,0,1,0,0,0,2,0,0,1,0,0,0,0,0,0,0,0,0,0,0,0,0,1,0,1,0,0,0,0,0,1.0,0.0,1.0,0.0,1.0,0.0,0.0,0.0,0,0,0,0,1.0,0,0,0,מכבי_פתח_תקווה,2017-10-14,18:00:00,2,0.2222222222222222,0.44095855184409843,1,0,0
44,מכבי_חיפה,0,0,0,0,0.0,0,0,0,0,0,0,0,0,0,0,0,0,0,0,0,0,0,0,0,0,0,0.0,0,0,0,0,0,0,0,0,0,0,0,0,0,0,0,0,0,0,0,0,0,0,0,0,0,0,0,0,0,0,0,0,0,0,0,0,0,0,0,0,0,0,0,0,0,0.0,0.0,0.0,0.0,0.0,0.0,0.0,0.0,0,0,0,0,0.0,0,0,0,מכבי_נתניה,2017-11-25,20:30:00,6,0.6666666666666666,0.7071067811865476,2,0,0
45,מכבי_חיפה,7,0,0,1,2.0,9,2,3,8,2,5,2,23,2,4,7,1,1,3,0,18,3,4,5,6,2,2.0,3,10,2,2,26,5,2,9,2,28,5,9,1,0,0,0,1,0,0,0,1,0,0,0,2,2,17,0,1,0,0,0,0,0,18,1,1,0,5,0,2,3,6,1,1,9.0,5.0,0.0,1.0,2.0,21.0,2.0,2.0,0,0,0,0,1.0,0,0,0,מכבי_נתניה,2017-11-25,20:30:00,6,0.6666666666666666,0.7071067811865476,2,0,0
46,בני_יהודה,0,0,1,0,0.0,0,0,0,0,0,0,0,0,0,0,0,0,2,0,0,0,0,0,0,0,1,0.0,0,0,0,0,0,0,1,0,0,0,0,0,0,0,1,0,0,0,0,0,1,0,0,1,0,0,0,0,0,0,0,1,0,0,0,0,0,0,0,1,0,0,0,0,0,0.0,0.0,1.0,0.0,0.0,0.0,0.0,0.0,0,0,1,0,0.0,0,0,0,מכבי_חיפה,2017-12-16,20:30:00,4,0.4444444444444444,0.5270462766947299,1,0,0
47,בני_יהודה,2,0,1,1,0.0,1,0,0,15,0,12,0,2,0,0,2,0,0,0,0,0,0,0,2,0,1,3.0,0,1,0,0,10,2,21,8,0,10,0,2,0,0,0,0,0,1,0,0,1,3,0,1,5,0,3,0,0,1,0,0,0,0,0,0,0,1,0,1,0,0,2,0,0,2.0,2.0,19.0,3.0,0.0,19.0,0.0,2.0,0,0,0,0,0.0,0,0,0,מכבי_חיפה,2017-12-16,20:30:00,4,0.4444444444444444,0.5270462766947299,1,0,0
48,מכבי_חיפה,0,0,0,0,0.0,0,0,0,0,0,0,0,0,0,0,0,0,0,0,0,0,0,0,0,0,0,0.0,0,0,0,0,0,0,0,0,0,0,0,0,0,0,0,0,0,0,0,0,0,0,0,0,0,0,0,0,0,0,0,0,0,0,0,0,0,0,0,0,0,0,0,0,0,0.0,0.0,0.0,0.0,0.0,0.0,0.0,0.0,0,0,0,0,0.0,0,0,0,ביתר_ירושלים,2018-02-03,20:30:00,2,0.2222222222222222,0.44095855184409843,1,0,0
49,מכבי_חיפה,0,0,0,0,0.0,0,0,0,0,0,0,0,0,0,0,0,0,0,0,0,0,0,0,0,0,0,0.0,0,0,0,0,0,0,0,0,0,0,0,0,0,0,0,0,0,0,0,0,0,0,0,0,0,0,0,0,0,0,0,0,0,0,0,0,0,0,0,0,0,0,0,0,0,0.0,0.0,0.0,0.0,0.0,0.0,0.0,0.0,0,0,0,0,0.0,0,0,0,ביתר_ירושלים,2018-02-03,20:30:00,2,0.2222222222222222,0.44095855184409843,1,0,0
50,מכבי_חיפה,0,0,0,0,0.0,0,0,0,0,0,0,0,0,0,0,0,0,0,0,0,0,0,0,0,0,0,0.0,0,0,0,0,0,0,0,0,0,0,0,0,0,0,0,0,0,0,0,0,0,0,0,0,0,0,0,0,0,0,0,0,0,0,0,0,0,0,0,0,0,0,0,0,0,0.0,0.0,0.0,0.0,0.0,0.0,0.0,0.0,0,0,0,0,0.0,0,0,0,מכבי_פתח_תקווה,2018-04-21,18:00:00,1,0.1111111111111111,0.3333333333333333,1,0,0
51,מס_אשדוד,18,21,3,0,1.0,8,2,1,44,42,31,4,1,36,2,32,19,6,7,1,0,1,1,41,47,9,10.0,2,1,37,4,61,47,15,35,4,1,2,12,5,9,4,1,0,0,0,1,8,78,125,4,36,4,0,14,0,83,45,3,9,1,0,0,0,57,149,5,47,2,0,59,0,93.0,81.0,6.0,67.0,4.0,0.0,1.0,1.0,14,22,6,0,0.0,0,0,0,ביתר_ירושלים,2017-08-28,20:30:00,2,0.2222222222222222,0.44095855184409843,1,0,0
52,מס_אשדוד,18,21,3,0,1.0,8,2,1,44,42,31,4,1,36,2,32,19,6,7,1,0,1,1,41,47,9,10.0,2,1,37,4,61,47,15,35,4,1,2,12,5,9,4,1,0,0,0,1,8,78,125,4,36,4,0,14,0,83,45,3,9,1,0,0,0,57,149,5,47,2,0,59,0,93.0,81.0,6.0,67.0,4.0,0.0,1.0,1.0,14,22,6,0,0.0,0,0,0,ביתר_ירושלים,2017-08-28,20:30:00,1,0.1111111111111111,0.3333333333333333,1,1,1
53,מס_אשדוד,8,0,0,2,2.0,0,0,3,25,0,8,2,3,1,11,11,0,0,3,3,0,0,2,17,0,0,4.0,2,1,0,5,16,0,1,6,0,2,1,10,4,0,0,0,2,0,0,0,1,12,0,0,11,2,1,0,11,7,0,0,3,3,0,0,1,9,0,0,9,2,0,0,4,5.0,0.0,0.0,9.0,0.0,0.0,0.0,8.0,3,0,0,0,2.0,0,0,0,ביתר_ירושלים,2017-08-28,20:30:00,2,0.2222222222222222,0.44095855184409843,1,0,0
54,מס_אשדוד,8,0,0,2,2.0,0,0,3,25,0,8,2,3,1,11,11,0,0,3,3,0,0,2,17,0,0,4.0,2,1,0,5,16,0,1,6,0,2,1,10,4,0,0,0,2,0,0,0,1,12,0,0,11,2,1,0,11,7,0,0,3,3,0,0,1,9,0,0,9,2,0,0,4,5.0,0.0,0.0,9.0,0.0,0.0,0.0,8.0,3,0,0,0,2.0,0,0,0,ביתר_ירושלים,2017-08-28,20:30:00,1,0.1111111111111111,0.3333333333333333,1,1,2
55,ביתר_ירושלים,12,3,14,1,2.0,0,5,1,53,10,0,5,0,25,0,14,6,11,0,2,0,5,0,24,5,23,0.0,1,1,12,0,56,12,34,0,4,1,24,0,4,0,11,0,0,0,4,0,22,164,8,83,0,5,0,93,0,100,8,86,0,2,0,13,0,37,1,109,0,1,0,23,0,197.0,3.0,135.0,0.0,4.0,0.0,91.0,0.0,7,0,95,0,0.0,0,5,0,מכבי_פתח_תקווה,2017-09-11,21:00:00,1,0.1111111111111111,0.3333333333333333,1,0,0
56,ביתר_ירושלים,12,3,14,0,2.0,1,5,1,7,1,1,0,1,1,0,2,0,0,0,0,0,0,0,0,0,1,1.0,0,0,0,0,7,1,2,0,0,1,0,0,1,0,0,0,0,0,0,0,2,3,0,1,0,0,0,0,0,0,0,0,0,0,0,0,0,0,0,1,0,0,0,0,0,6.0,0.0,1.0,0.0,0.0,0.0,0.0,0.0,0,0,0,0,0.0,0,0,0,מכבי_פתח_תקווה,2017-09-11,21:00:00,1,0.1111111111111111,0.3333333333333333,1,0,0
57,קרית_שמונה,53,13,1,0,8.0,9,1,2,96,38,13,12,0,0,2,43,22,4,9,2,0,16,0,80,57,0,23.0,9,0,1,8,116,54,1,16,8,0,1,7,25,7,5,6,4,0,1,1,4,293,141,0,24,12,0,0,1,188,125,0,6,2,0,0,0,282,239,0,39,9,0,0,6,357.0,210.0,0.0,61.0,8.0,0.0,0.0,1.0,59,9,0,29,4.0,0,0,1,ביתר_ירושלים,2017-09-25,20:30:00,0,0.0,0.0,0,0,0
58,קרית_שמונה,0,0,0,0,0.0,0,0,0,19,4,6,1,2,0,0,1,0,0,0,0,1,0,1,0,1,0,0.0,0,0,0,0,17,12,0,6,1,3,1,2,0,0,0,0,0,0,0,0,0,2,1,0,3,1,0,0,0,0,0,0,0,0,0,0,0,0,2,0,0,0,0,0,0,1.0,6.0,0.0,3.0,1.0,0.0,0.0,0.0,0,0,0,0,0.0,0,0,0,ביתר_ירושלים,2017-09-25,20:30:00,0,0.0,0.0,0,0,0
59,מכבי_נתניה,24,0,0,0,1.0,0,0,0,58,0,0,6,1,3,0,14,0,0,0,5,1,4,0,37,0,1,0.0,1,0,2,0,71,0,2,0,5,0,5,0,14,0,1,0,2,0,0,0,1,88,0,0,0,6,0,0,0,9,0,0,0,5,0,0,0,98,0,0,0,1,0,0,0,62.0,0.0,0.0,0.0,5.0,0.0,1.0,0.0,21,0,0,0,2.0,0,0,0,ביתר_ירושלים,2017-10-16,21:00:00,2,0.2222222222222222,0.44095855184409843,1,0,0
60,מכבי_נתניה,13,2,2,1,1.0,1,2,0,27,5,4,1,2,10,4,14,4,2,8,3,1,3,1,23,3,3,3.0,2,0,6,4,24,6,5,7,3,4,9,0,6,0,0,1,0,0,0,0,5,26,4,2,1,1,0,6,2,22,0,0,1,3,0,1,0,25,2,2,0,2,0,3,1,24.0,2.0,3.0,2.0,3.0,0.0,6.0,0.0,18,0,0,1,0.0,0,0,0,ביתר_ירושלים,2017-10-16,21:00:00,2,0.2222222222222222,0.44095855184409843,1,0,0
61,הפועל_אשקלון,16,1,22,48,2.0,1,46,0,32,8,14,4,71,54,0,9,16,10,3,0,16,0,1,24,6,37,8.0,8,89,57,1,30,7,47,25,5,52,43,1,6,1,10,0,2,37,32,37,35,199,4,76,54,4,42,91,0,21,6,69,0,0,40,19,9,172,4,41,34,8,157,203,0,150.0,6.0,32.0,43.0,5.0,66.0,77.0,0.0,121,0,18,0,2.0,54,122,0,ביתר_ירושלים,2017-10-28,20:30:00,3,0.3333333333333333,0.5,1,0,0
62,הפועל_אשקלון,8,7,10,1,0.0,0,0,3,10,9,3,1,0,2,6,7,5,13,3,2,0,2,2,17,13,27,0.0,2,0,1,11,11,9,32,3,2,0,4,6,9,8,9,0,1,0,0,3,38,3,18,18,0,1,0,0,2,2,12,15,0,2,0,0,0,7,32,16,0,2,0,0,2,7.0,26.0,17.0,0.0,2.0,0.0,4.0,1.0,7,14,4,0,1.0,0,0,1,ביתר_ירושלים,2017-10-28,20:30:00,3,0.3333333333333333,0.5,1,0,0
63,ביתר_ירושלים,0,0,17,0,0.0,0,0,0,0,0,0,10,0,0,0,0,0,4,0,0,0,0,0,0,0,43,0.0,0,0,0,0,0,0,22,0,0,43,0,0,0,0,11,0,0,0,0,0,22,0,0,83,0,0,0,0,0,0,0,2,0,0,0,0,0,0,0,147,0,0,0,0,0,0.0,0.0,78.0,0.0,0.0,0.0,0.0,0.0,0,0,26,0,0.0,0,0,0,בני_יהודה,2017-11-04,20:30:00,4,0.4444444444444444,0.7264831572567789,2,0,0
64,ביתר_ירושלים,2,4,6,1,9.0,0,2,19,10,12,9,11,3,3,35,0,4,4,1,1,1,0,17,7,11,10,4.0,11,0,2,15,11,13,5,10,15,3,4,43,2,4,7,6,4,15,1,9,9,1,2,10,5,11,0,1,29,0,0,5,0,1,0,0,23,2,3,18,1,11,0,1,16,3.0,2.0,11.0,7.0,15.0,2.0,1.0,62.0,0,0,5,0,4.0,2,1,8,בני_יהודה,2017-11-04,20:30:00,4,0.4444444444444444,0.7264831572567789,2,0,0
65,באר_שבע,15,0,0,1,0.0,0,0,0,0,0,49,0,6,0,0,0,0,0,16,0,5,0,0,0,0,0,23.0,0,3,0,0,0,0,0,27,0,5,0,0,0,0,0,2,0,1,0,0,0,0,0,0,31,0,92,0,0,0,0,0,26,0,45,0,0,0,0,0,19,0,6,0,0,0.0,0.0,0.0,42.0,0.0,84.0,0.0,0.0,0,0,0,21,0.0,1,0,0,ביתר_ירושלים,2017-11-27,21:00:00,3,0.3333333333333333,0.5,1,0,0
66,באר_שבע,0,0,0,0,0.0,0,0,0,0,0,0,0,0,0,0,0,0,0,0,0,0,0,0,0,0,0,0.0,0,0,0,0,0,0,0,0,0,0,0,0,0,0,0,0,0,0,0,0,0,0,0,0,0,0,0,0,0,0,0,0,0,0,0,0,0,0,0,0,0,0,0,0,0,0.0,0.0,0.0,0.0,0.0,0.0,0.0,0.0,0,0,0,0,0.0,0,0,0,ביתר_ירושלים,2017-11-27,21:00:00,3,0.3333333333333333,0.5,1,0,0
67,מכבי_תל_אביב,0,0,0,0,0.0,0,0,0,0,0,0,0,0,0,0,0,0,0,0,0,0,0,0,0,0,0,0.0,0,0,0,0,0,0,0,0,0,0,0,0,0,0,0,0,0,0,0,0,0,0,0,0,0,0,0,0,0,0,0,0,0,0,0,0,0,0,0,0,0,0,0,0,0,0.0,0.0,0.0,0.0,0.0,0.0,0.0,0.0,0,0,0,0,0.0,0,0,0,ביתר_ירושלים,2017-12-18,21:00:00,4,0.4444444444444444,0.7264831572567789,2,0,0
68,מכבי_תל_אביב,10,8,35,6,19.0,29,33,6,44,22,17,0,14,80,79,18,2,2,10,0,3,33,28,33,17,15,8.0,0,10,44,48,51,13,18,15,0,30,96,93,5,1,8,5,0,0,9,9,16,56,16,23,37,0,18,166,205,45,0,0,37,0,0,84,182,55,12,21,5,0,19,83,227,72.0,7.0,33.0,23.0,0.0,30.0,165.0,257.0,13,0,10,3,0.0,0,45,6,ביתר_ירושלים,2017-12-18,21:00:00,4,0.4444444444444444,0.7264831572567789,2,0,0
69,ביתר_ירושלים,0,0,0,0,0.0,0,0,0,0,0,0,0,0,0,0,0,0,0,0,0,0,0,0,0,0,0,0.0,0,0,0,0,0,0,0,0,0,0,0,0,0,0,0,0,0,0,0,0,0,0,0,0,0,0,0,0,0,0,0,0,0,0,0,0,0,0,0,0,0,0,0,0,0,0.0,0.0,0.0,0.0,0.0,0.0,0.0,0.0,0,0,0,0,0.0,0,0,0,מס_אשדוד,2017-12-24,20:15:00,4,0.4444444444444444,0.8819171036881969,2,0,0
70,ביתר_ירושלים,1,0,1,0,0.0,0,0,0,6,0,1,0,0,3,1,1,0,0,0,0,1,3,0,0,0,2,1.0,0,0,1,1,5,0,4,0,0,0,2,0,0,0,1,0,0,0,0,0,3,0,0,1,0,0,0,0,0,0,0,0,0,0,0,0,0,0,0,1,0,0,0,0,0,0.0,0.0,3.0,0.0,0.0,0.0,0.0,0.0,0,0,0,0,0.0,0,0,0,מס_אשדוד,2017-12-24,20:15:00,4,0.4444444444444444,0.8819171036881969,2,0,0
71,מכבי_פתח_תקווה,0,0,0,0,0.0,0,0,0,0,0,0,0,0,0,0,0,0,0,0,0,0,0,0,0,0,0,0.0,0,0,0,0,0,0,0,0,0,0,0,0,0,0,0,0,0,0,0,0,0,0,0,0,0,0,0,0,0,0,0,0,0,0,0,0,0,0,0,0,0,0,0,0,0,0.0,0.0,0.0,0.0,0.0,0.0,0.0,0.0,0,0,0,0,0.0,0,0,0,ביתר_ירושלים,2017-12-30,20:30:00,1,0.1111111111111111,0.3333333333333333,1,1,2
72,מכבי_פתח_תקווה,0,0,0,0,0.0,0,0,0,0,0,0,0,0,0,0,0,0,0,0,0,0,0,0,0,0,0,0.0,0,0,0,0,0,0,0,0,0,0,0,0,0,0,0,0,0,0,0,0,0,0,0,0,0,0,0,0,0,0,0,0,0,0,0,0,0,0,0,0,0,0,0,0,0,0.0,0.0,0.0,0.0,0.0,0.0,0.0,0.0,0,0,0,0,0.0,0,0,0,ביתר_ירושלים,2017-12-30,20:30:00,1,0.1111111111111111,0.3333333333333333,1,0,0
73,בני_סכנין,0,0,0,0,0.0,0,0,0,0,0,0,0,0,0,0,0,0,0,0,0,0,0,0,0,0,0,0.0,0,0,0,0,0,0,0,0,0,0,0,0,0,0,0,0,0,0,0,0,0,0,0,0,0,0,0,0,0,0,0,0,0,0,0,0,0,0,0,0,0,0,0,0,0,0.0,0.0,0.0,0.0,0.0,0.0,0.0,0.0,0,0,0,0,0.0,0,0,0,ביתר_ירושלים,2018-01-22,21:00:00,4,0.4444444444444444,0.7264831572567789,2,0,0
74,בני_סכנין,2,0,0,0,2.0,0,1,1,3,0,9,3,2,4,18,0,0,0,0,0,1,0,2,0,0,0,0.0,0,1,0,2,2,0,0,7,1,1,4,16,0,0,0,0,1,0,1,2,0,0,0,0,6,3,0,2,6,0,0,0,0,0,0,0,0,0,0,0,0,0,0,0,0,0.0,0.0,0.0,5.0,1.0,0.0,2.0,1.0,0,0,0,0,1.0,0,2,5,ביתר_ירושלים,2018-01-22,21:00:00,4,0.4444444444444444,0.7264831572567789,2,0,0
75,ביתר_ירושלים,0,0,0,0,0.0,0,0,0,0,0,0,0,0,0,0,0,0,0,0,0,0,0,0,0,0,0,0.0,0,0,0,0,0,0,0,0,0,0,0,0,0,0,0,0,0,0,0,0,0,0,0,0,0,0,0,0,0,0,0,0,0,0,0,0,0,0,0,0,0,0,0,0,0,0.0,0.0,0.0,0.0,0.0,0.0,0.0,0.0,0,0,0,0,0.0,0,0,0,מכבי_נתניה,2018-01-29,21:00:00,4,0.4444444444444444,0.8819171036881969,2,0,0
76,ביתר_ירושלים,4,14,0,3,2.0,2,1,6,12,13,4,1,12,3,14,11,8,0,4,1,4,0,4,14,16,0,11.0,1,11,0,13,11,20,0,3,2,15,4,8,1,16,0,2,1,3,1,0,0,3,36,0,1,1,10,1,20,1,8,0,1,1,16,0,6,2,31,0,1,1,9,0,22,4.0,19.0,0.0,0.0,2.0,21.0,1.0,3.0,0,19,0,0,1.0,5,2,0,מכבי_נתניה,2018-01-29,21:00:00,4,0.4444444444444444,0.8819171036881969,2,0,0
77,ביתר_ירושלים,0,0,0,0,0.0,0,0,0,0,0,0,0,0,0,0,0,0,0,0,0,0,0,0,0,0,0,0.0,0,0,0,0,0,0,0,0,0,0,0,0,0,0,0,0,0,0,0,0,0,0,0,0,0,0,0,0,0,0,0,0,0,0,0,0,0,0,0,0,0,0,0,0,0,0.0,0.0,0.0,0.0,0.0,0.0,0.0,0.0,0,0,0,0,0.0,0,0,0,באר_שבע,2018-02-25,21:00:00,2,0.2222222222222222,0.44095855184409843,1,0,0
78,ביתר_ירושלים,0,0,0,0,0.0,0,0,0,0,0,0,0,0,0,0,0,0,0,0,0,0,0,0,0,0,0,0.0,0,0,0,0,0,0,0,0,0,0,0,0,0,0,0,0,0,0,0,0,0,0,0,0,0,0,0,0,0,0,0,0,0,0,0,0,0,0,0,0,0,0,0,0,0,0.0,0.0,0.0,0.0,0.0,0.0,0.0,0.0,0,0,0,0,0.0,0,0,0,באר_שבע,2018-02-25,21:00:00,2,0.2222222222222222,0.44095855184409843,1,0,0
79,עכו,0,0,0,0,0.0,0,0,0,0,0,0,0,0,0,0,0,0,0,0,0,0,0,0,0,0,0,0.0,0,0,0,0,0,0,0,0,0,0,0,0,0,0,0,0,0,0,0,0,0,0,0,0,0,0,0,0,0,0,0,0,0,0,0,0,0,0,0,0,0,0,0,0,0,0.0,0.0,0.0,0.0,0.0,0.0,0.0,0.0,0,0,0,0,0.0,0,0,0,ביתר_ירושלים,2018-03-04,21:00:00,4,0.4444444444444444,0.7264831572567789,2,0,0
80,עכו,0,0,0,0,0.0,1,0,0,0,2,0,0,1,1,0,0,0,0,0,0,0,0,0,1,2,3,0.0,0,1,1,0,0,3,1,0,0,3,1,0,0,2,1,0,0,0,0,0,3,0,3,1,0,0,0,2,0,0,0,0,0,0,0,0,0,0,3,1,0,0,0,2,0,0.0,3.0,1.0,0.0,0.0,3.0,1.0,0.0,0,2,1,0,0.0,0,0,0,ביתר_ירושלים,2018-03-04,21:00:00,4,0.4444444444444444,0.7264831572567789,2,0,0
81,ביתר_ירושלים,0,0,0,0,0.0,0,0,0,0,0,0,0,0,0,0,0,0,0,0,0,0,0,0,0,0,0,0.0,0,0,0,0,0,0,0,0,0,0,0,0,0,0,0,0,0,0,0,0,0,0,0,0,0,0,0,0,0,0,0,0,0,0,0,0,0,0,0,0,0,0,0,0,0,0.0,0.0,0.0,0.0,0.0,0.0,0.0,0.0,0,0,0,0,0.0,0,0,0,רעננה,2018-03-11,20:30:00,1,0.1111111111111111,0.3333333333333333,1,1,2
82,מכבי_נתניה,0,0,0,0,0.0,0,0,0,0,0,0,0,0,0,0,0,0,0,0,0,0,0,0,0,0,0,0.0,0,0,0,0,0,0,0,0,0,0,0,0,0,0,0,0,0,0,0,0,0,0,0,0,0,0,0,0,0,0,0,0,0,0,0,0,0,0,0,0,0,0,0,0,0,0.0,0.0,0.0,0.0,0.0,0.0,0.0,0.0,0,0,0,0,0.0,0,0,0,ביתר_ירושלים,2018-03-17,20:30:00,1,0.1111111111111111,0.3333333333333333,1,0,0
83,מכבי_נתניה,2,0,0,0,2.0,15,7,1,11,0,4,1,14,6,3,1,0,0,2,1,3,4,6,9,0,0,0.0,1,5,7,6,8,0,0,6,1,44,19,9,1,0,0,0,1,0,1,2,0,6,0,0,1,1,3,1,2,1,0,0,0,1,2,1,17,7,0,0,0,1,5,9,13,3.0,0.0,0.0,1.0,1.0,21.0,4.0,5.0,0,0,0,0,1.0,0,0,0,ביתר_ירושלים,2018-03-17,20:30:00,1,0.1111111111111111,0.3333333333333333,1,0,0
84,בני_יהודה,0,0,0,0,0.0,0,0,0,0,0,0,0,0,0,0,0,0,0,0,0,0,0,0,0,0,0,0.0,0,0,0,0,0,0,0,0,0,0,0,0,0,0,0,0,0,0,0,0,0,0,0,0,0,0,0,0,0,0,0,0,0,0,0,0,0,0,0,0,0,0,0,0,0,0.0,0.0,0.0,0.0,0.0,0.0,0.0,0.0,0,0,0,0,0.0,0,0,0,ביתר_ירושלים,2018-04-08,21:00:00,2,0.2222222222222222,0.44095855184409843,1,0,0
85,בני_יהודה,6,0,0,0,0.0,2,4,2,22,6,3,1,4,10,9,4,3,0,0,0,2,0,0,12,2,0,1.0,2,4,3,10,34,6,0,5,2,4,21,18,6,0,0,0,3,2,1,3,0,20,1,0,0,1,5,1,5,6,2,0,0,0,1,0,0,12,2,0,1,2,4,3,10,25.0,1.0,0.0,1.0,2.0,2.0,4.0,5.0,9,0,0,0,3.0,1,0,1,ביתר_ירושלים,2018-04-08,21:00:00,2,0.2222222222222222,0.44095855184409843,1,0,0
86,מכבי_תל_אביב,0,0,0,0,0.0,0,0,0,0,0,0,0,0,0,0,0,0,0,0,0,0,0,0,0,0,0,0.0,0,0,0,0,0,0,0,0,0,0,0,0,0,0,0,0,0,0,0,0,0,0,0,0,0,0,0,0,0,0,0,0,0,0,0,0,0,0,0,0,0,0,0,0,0,0.0,0.0,0.0,0.0,0.0,0.0,0.0,0.0,0,0,0,0,0.0,0,0,0,ביתר_ירושלים,2018-04-16,21:00:00,4,0.4444444444444444,0.5270462766947299,1,0,0
87,מכבי_תל_אביב,75,2,36,5,2.0,3,1,1,99,0,25,4,5,16,2,22,0,20,8,0,1,1,0,123,1,56,24.0,4,2,3,0,76,2,47,20,2,15,6,0,6,5,13,14,0,1,2,1,52,449,0,108,24,4,3,39,0,55,0,21,20,0,0,0,0,433,0,97,26,4,2,2,0,380.0,0.0,123.0,15.0,2.0,7.0,12.0,0.0,37,5,130,36,0.0,0,0,0,ביתר_ירושלים,2018-04-16,21:00:00,4,0.4444444444444444,0.5270462766947299,1,0,0
88,ביתר_ירושלים,0,0,0,0,0.0,0,0,0,0,0,0,0,0,0,0,0,0,0,0,0,0,0,0,0,0,0,0.0,0,0,0,0,0,0,0,0,0,0,0,0,0,0,0,0,0,0,0,0,0,0,0,0,0,0,0,0,0,0,0,0,0,0,0,0,0,0,0,0,0,0,0,0,0,0.0,0.0,0.0,0.0,0.0,0.0,0.0,0.0,0,0,0,0,0.0,0,0,0,מכבי_נתניה,2018-04-30,21:00:00,6,0.6666666666666666,0.5,1,1,1
89,ביתר_ירושלים,8,1,0,4,1.0,2,5,6,9,4,2,3,9,17,13,2,4,0,2,2,3,3,5,7,6,0,1.0,2,4,6,4,15,6,0,7,5,4,20,29,2,1,0,0,0,2,1,1,0,11,0,0,1,3,21,12,27,5,0,0,0,2,17,9,18,14,0,0,1,2,7,3,26,37.0,0.0,0.0,18.0,5.0,5.0,13.0,50.0,1,0,0,0,0.0,1,2,7,מכבי_נתניה,2018-04-30,21:00:00,6,0.6666666666666666,0.5,1,0,0
90,באר_שבע,0,0,0,0,0.0,0,0,0,0,0,0,0,0,0,0,0,0,0,0,0,0,0,0,0,0,0,0.0,0,0,0,0,0,0,0,0,0,0,0,0,0,0,0,0,0,0,0,0,0,0,0,0,0,0,0,0,0,0,0,0,0,0,0,0,0,0,0,0,0,0,0,0,0,0.0,0.0,0.0,0.0,0.0,0.0,0.0,0.0,0,0,0,0,0.0,0,0,0,ביתר_ירושלים,2018-05-05,21:00:00,4,0.4444444444444444,0.7264831572567789,2,0,0
91,הפועל_חיפה,0,0,0,0,0.0,0,0,0,0,0,0,0,0,0,0,0,0,0,0,0,0,0,0,0,0,0,0.0,0,0,0,0,0,0,0,0,0,0,0,0,0,0,0,0,0,0,0,0,0,0,0,0,0,0,0,0,0,0,0,0,0,0,0,0,0,0,0,0,0,0,0,0,0,0.0,0.0,0.0,0.0,0.0,0.0,0.0,0.0,0,0,0,0,0.0,0,0,0,ביתר_ירושלים,2018-05-09,20:45:00,2,0.2222222222222222,0.44095855184409843,1,0,0
92,ביתר_ירושלים,0,0,0,0,0.0,0,0,0,0,0,0,0,0,0,0,0,0,0,0,0,0,0,0,0,0,0,0.0,0,0,0,0,0,0,0,0,0,0,0,0,0,0,0,0,0,0,0,0,0,0,0,0,0,0,0,0,0,0,0,0,0,0,0,0,0,0,0,0,0,0,0,0,0,0.0,0.0,0.0,0.0,0.0,0.0,0.0,0.0,0,0,0,0,0.0,0,0,0,מכבי_תל_אביב,2018-05-15,21:00:00,1,0.1111111111111111,0.3333333333333333,1,0,0
93,ביתר_ירושלים,16,0,1,12,2.0,10,32,5,38,10,54,0,14,94,7,11,6,1,8,0,9,20,2,18,11,5,19.0,4,15,63,5,43,13,7,95,8,18,94,6,9,2,0,8,0,9,20,0,5,75,6,0,43,0,5,402,19,22,1,0,3,0,36,124,0,54,7,0,12,4,15,302,20,81.0,18.0,67.0,30.0,7.0,9.0,83.0,45.0,20,2,0,1,0.0,14,28,0,מכבי_תל_אביב,2018-05-15,21:00:00,1,0.1111111111111111,0.3333333333333333,1,0,0
94,בני_יהודה,0,5,0,17,0.0,16,1,43,0,0,1,0,0,1,0,0,0,0,0,0,0,0,0,0,0,0,0.0,0,0,0,0,0,0,0,3,0,1,1,0,0,0,0,0,0,0,0,0,0,0,0,0,0,0,0,0,0,0,0,0,0,0,0,0,0,0,0,0,0,0,0,0,0,0.0,0.0,0.0,0.0,0.0,0.0,0.0,0.0,0,0,0,0,0.0,0,0,0,מכבי_פתח_תקווה,2017-10-30,21:00:00,1,0.1111111111111111,0.3333333333333333,1,0,0
95,בני_יהודה,0,1,0,2,0.0,9,2,21,0,8,1,0,21,2,13,0,3,0,0,0,8,1,3,0,5,0,2.0,0,21,2,28,0,6,0,0,0,22,2,15,0,0,0,2,0,9,0,20,0,0,9,0,1,0,27,0,9,0,6,0,0,0,10,1,0,0,8,0,1,0,40,1,25,0.0,8.0,0.0,0.0,0.0,24.0,1.0,13.0,0,0,0,1,0.0,9,0,12,מכבי_פתח_תקווה,2017-10-30,21:00:00,1,0.1111111111111111,0.3333333333333333,1,0,0
96,באר_שבע,0,0,0,0,0.0,0,0,0,0,0,0,0,0,0,0,0,0,0,0,0,0,0,0,0,0,0,0.0,0,0,0,0,0,0,0,0,0,0,0,0,0,0,0,0,0,0,0,0,0,0,0,0,0,0,0,0,0,0,0,0,0,0,0,0,0,0,0,0,0,0,0,0,0,0.0,0.0,0.0,0.0,0.0,0.0,0.0,0.0,0,0,0,0,0.0,0,0,0,מכבי_פתח_תקווה,2017-11-05,20:00:00,1,0.1111111111111111,0.3333333333333333,1,1,2
97,מכבי_תל_אביב,0,0,0,0,0.0,0,0,0,0,0,0,0,0,0,0,0,0,0,0,0,0,0,0,0,0,0,0.0,0,0,0,0,0,0,0,0,0,0,0,0,0,0,0,0,0,0,0,0,0,0,0,0,0,0,0,0,0,0,0,0,0,0,0,0,0,0,0,0,0,0,0,0,0,0.0,0.0,0.0,0.0,0.0,0.0,0.0,0.0,0,0,0,0,0.0,0,0,0,מכבי_פתח_תקווה,2017-12-11,21:00:00,1,0.1111111111111111,0.3333333333333333,1,0,0
98,מכבי_תל_אביב,11,9,5,5,0.0,2,10,23,34,28,13,0,2,19,46,16,12,12,8,0,1,3,12,21,22,18,10.0,0,3,15,32,14,27,27,4,0,6,16,48,5,10,12,4,0,0,5,19,30,22,10,20,13,0,0,16,137,7,7,11,15,0,0,3,6,50,9,21,17,0,1,16,65,7.0,13.0,28.0,4.0,0.0,1.0,4.0,142.0,6,7,12,9,0.0,0,0,20,מכבי_פתח_תקווה,2017-12-11,21:00:00,1,0.1111111111111111,0.3333333333333333,1,0,0
99,קרית_שמונה,0,0,0,0,0.0,0,0,0,0,0,0,0,0,0,0,0,0,0,0,0,0,0,0,0,0,0,0.0,0,0,0,0,0,0,0,0,0,0,0,0,0,0,0,0,0,0,0,0,0,0,0,0,0,0,0,0,0,0,0,0,0,0,0,0,0,0,0,0,0,0,0,0,0,0.0,0.0,0.0,0.0,0.0,0.0,0.0,0.0,0,0,0,0,0.0,0,0,0,מכבי_פתח_תקווה,2018-01-09,19:00:00,1,0.1111111111111111,0.3333333333333333,1,0,0
100,מכבי_נתניה,0,0,0,0,0.0,0,0,0,0,0,0,0,0,0,0,0,0,0,0,0,0,0,0,0,0,0,0.0,0,0,0,0,0,0,0,0,0,0,0,0,0,0,0,0,0,0,0,0,0,0,0,0,0,0,0,0,0,0,0,0,0,0,0,0,0,0,0,0,0,0,0,0,0,0.0,0.0,0.0,0.0,0.0,0.0,0.0,0.0,0,0,0,0,0.0,0,0,0,מכבי_פתח_תקווה,2018-01-21,19:00:00,1,0.1111111111111111,0.3333333333333333,1,0,0
101,מכבי_נתניה,4,0,0,0,1.0,0,1,1,7,4,5,2,0,3,1,3,1,2,0,2,0,0,0,6,2,0,1.0,2,0,2,1,7,4,8,5,2,0,4,5,0,0,0,0,1,0,0,0,3,0,2,1,0,2,0,4,0,0,0,1,0,2,0,0,0,0,1,0,0,2,0,2,1,3.0,2.0,27.0,0.0,2.0,0.0,2.0,2.0,0,0,0,0,1.0,0,0,0,מכבי_פתח_תקווה,2018-01-21,19:00:00,1,0.1111111111111111,0.3333333333333333,1,0,0
102,הפועל_אשקלון,0,0,0,0,0.0,0,0,0,0,0,0,0,0,0,0,0,0,0,0,0,0,0,0,0,0,0,0.0,0,0,0,0,0,0,0,0,0,0,0,0,0,0,0,0,0,0,0,0,0,0,0,0,0,0,0,0,0,0,0,0,0,0,0,0,0,0,0,0,0,0,0,0,0,0.0,0.0,0.0,0.0,0.0,0.0,0.0,0.0,0,0,0,0,0.0,0,0,0,מכבי_פתח_תקווה,2018-02-05,20:00:00,2,0.2222222222222222,0.44095855184409843,1,0,0
103,עכו,0,0,0,0,0.0,0,0,0,0,0,0,0,0,0,0,0,0,0,0,0,0,0,0,0,0,0,0.0,0,0,0,0,0,0,0,0,0,0,0,0,0,0,0,0,0,0,0,0,0,0,0,0,0,0,0,0,0,0,0,0,0,0,0,0,0,0,0,0,0,0,0,0,0,0.0,0.0,0.0,0.0,0.0,0.0,0.0,0.0,0,0,0,0,0.0,0,0,0,מכבי_פתח_תקווה,2018-02-26,20:15:00,1,0.1111111111111111,0.3333333333333333,1,0,0
104,רעננה,0,0,0,0,0.0,0,0,0,0,0,0,0,0,0,0,0,0,0,0,0,0,0,0,0,0,0,0.0,0,0,0,0,0,0,0,0,0,0,0,0,0,0,0,0,0,0,0,0,0,0,0,0,0,0,0,0,0,0,0,0,0,0,0,0,0,0,0,0,0,0,0,0,0,0.0,0.0,0.0,0.0,0.0,0.0,0.0,0.0,0,0,0,0,0.0,0,0,0,מכבי_פתח_תקווה,2018-03-03,16:00:00,1,0.1111111111111111,0.3333333333333333,1,0,0
105,מס_אשדוד,0,0,0,0,0.0,0,0,0,0,0,0,0,0,0,0,0,0,0,0,0,0,0,0,0,0,0,0.0,0,0,0,0,0,0,0,0,0,0,0,0,0,0,0,0,0,0,0,0,0,0,0,0,0,0,0,0,0,0,0,0,0,0,0,0,0,0,0,0,0,0,0,0,0,0.0,0.0,0.0,0.0,0.0,0.0,0.0,0.0,0,0,0,0,0.0,0,0,0,מכבי_פתח_תקווה,2018-05-06,20:00:00,1,0.1111111111111111,0.3333333333333333,1,0,0
106,מס_אשדוד,0,2,0,0,0.0,0,0,0,1,3,0,0,2,0,0,1,0,0,0,0,0,0,0,1,2,7,0.0,0,1,0,0,6,2,9,0,0,0,0,0,0,1,1,0,0,0,0,0,7,0,1,4,0,0,0,0,0,0,0,0,0,0,0,0,0,0,1,3,0,0,0,0,0,1.0,0.0,5.0,0.0,0.0,0.0,0.0,0.0,0,0,1,0,0.0,0,0,0,מכבי_פתח_תקווה,2018-05-06,20:00:00,1,0.1111111111111111,0.3333333333333333,1,1,2
107,בני_סכנין,1,0,0,2,0.0,0,0,0,4,0,5,1,0,3,2,1,0,0,4,1,0,1,0,2,0,0,2.0,0,0,0,0,2,0,0,2,1,0,4,4,0,0,0,0,0,0,0,0,0,0,0,0,9,1,0,2,0,0,0,0,6,1,0,0,0,0,0,0,6,0,0,0,0,0.0,0.0,0.0,5.0,1.0,0.0,0.0,0.0,0,0,0,0,0.0,0,0,0,מכבי_תל_אביב,2017-09-09,18:00:00,2,0.2222222222222222,0.44095855184409843,1,1,2
108,בני_סכנין,14,2,4,0,0.0,5,8,12,35,11,4,4,17,17,40,29,5,6,2,1,6,8,10,20,6,8,1.0,2,13,10,23,48,11,22,2,5,16,18,46,5,1,5,0,1,1,2,6,13,119,110,25,0,4,19,16,195,115,0,13,0,1,10,5,48,39,45,1,0,2,14,11,62,147.0,98.0,29.0,0.0,5.0,18.0,11.0,255.0,18,0,1,0,1.0,0,0,7,מכבי_תל_אביב,2017-09-09,18:00:00,2,0.2222222222222222,0.44095855184409843,1,0,0
109,בני_סכנין,1,1,1,0,0.0,1,6,0,2,1,1,0,1,11,1,0,0,1,0,1,0,1,0,1,2,4,0.0,0,1,7,0,1,1,4,1,1,1,3,2,1,1,3,0,0,1,5,0,5,0,0,0,2,0,0,12,0,0,0,0,0,1,0,0,0,0,0,0,0,0,0,10,0,0.0,0.0,0.0,2.0,1.0,0.0,5.0,0.0,0,0,0,0,0.0,0,8,0,מס_אשדוד,2018-01-08,19:00:00,1,0.1111111111111111,0.3333333333333333,1,0,0
110,בני_סכנין,1,0,0,0,0.0,1,2,0,6,1,1,0,1,9,5,1,0,0,0,0,1,1,1,5,0,0,0.0,0,0,5,0,4,0,0,0,0,2,18,4,1,0,0,0,0,0,0,0,0,1,0,0,1,0,2,5,1,0,0,0,0,0,2,1,1,0,0,0,0,0,0,5,0,1.0,0.0,0.0,0.0,0.0,2.0,14.0,0.0,0,0,0,0,0.0,0,0,0,מס_אשדוד,2018-01-08,19:00:00,1,0.1111111111111111,0.3333333333333333,1,0,0
111,בני_סכנין,0,0,0,0,0.0,0,0,0,2,0,2,1,0,0,0,2,0,0,1,0,0,0,0,2,0,0,1.0,0,0,0,0,1,0,0,1,2,0,2,0,0,0,0,0,0,0,0,0,0,2,0,0,0,1,0,0,0,2,0,0,0,0,0,0,0,2,0,0,0,0,0,0,0,1.0,0.0,0.0,0.0,2.0,0.0,0.0,0.0,0,0,0,0,0.0,0,0,0,מכבי_נתניה,2018-02-11,19:00:00,3,0.3333333333333333,0.5,1,0,0
112,בני_סכנין,2,1,0,4,3.0,0,5,0,9,1,6,4,1,4,0,8,0,3,1,3,0,4,0,6,0,3,2.0,3,0,8,0,9,1,9,11,5,4,5,1,1,0,0,0,1,0,10,0,4,3,0,1,15,4,0,4,0,3,0,0,0,3,0,3,0,3,0,1,4,3,0,6,0,3.0,0.0,2.0,14.0,5.0,0.0,4.0,0.0,1,0,0,0,1.0,0,8,0,מכבי_נתניה,2018-02-11,19:00:00,3,0.3333333333333333,0.5,1,0,0
113,הפועל_אשקלון,3,0,11,0,4.0,0,2,11,13,2,7,7,0,8,38,2,1,18,1,3,0,0,11,11,2,24,6.0,5,1,6,17,8,2,38,5,2,0,9,46,0,0,6,1,1,0,0,20,39,6,1,40,0,7,0,4,28,1,1,21,0,3,0,0,9,4,1,32,0,5,0,3,12,6.0,1.0,37.0,1.0,2.0,0.0,6.0,27.0,0,0,3,0,1.0,0,0,24,מכבי_תל_אביב,2018-01-21,20:30:00,1,0.1111111111111111,0.3333333333333333,1,0,0
114,הפועל_אשקלון,33,20,48,6,7.0,3,9,12,98,51,4,16,5,14,28,45,22,38,5,9,0,5,6,64,40,50,7.0,10,2,17,47,121,76,86,21,17,6,15,51,8,11,10,1,2,2,3,5,97,124,181,157,6,16,6,4,77,76,118,46,1,9,0,2,11,102,157,98,8,10,6,2,95,141.0,165.0,52.0,16.0,17.0,4.0,10.0,38.0,4,30,7,5,2.0,4,0,10,מכבי_תל_אביב,2018-01-21,20:30:00,1,0.1111111111111111,0.3333333333333333,1,0,0
115,קרית_שמונה,2,1,0,2,3.0,0,0,0,8,5,12,2,1,3,0,3,5,4,2,1,0,0,0,11,2,1,8.0,3,1,7,0,6,9,12,6,1,1,8,0,3,0,0,0,2,0,2,0,2,7,3,1,7,2,0,0,0,1,3,4,3,1,0,0,0,7,1,1,5,3,0,0,0,7.0,6.0,7.0,2.0,1.0,0.0,7.0,0.0,3,0,0,0,2.0,0,1,0,מס_אשדוד,2017-09-09,19:15:00,3,0.3333333333333333,0.5,1,1,2
116,קרית_שמונה,2,0,0,0,0.0,0,0,0,8,9,6,0,1,0,2,1,0,0,0,0,0,0,0,3,0,0,0.0,0,0,0,0,10,10,0,5,1,0,0,2,0,1,0,0,1,0,0,0,0,3,7,0,0,0,0,0,0,0,0,0,0,0,0,0,0,2,0,0,0,0,0,0,0,5.0,17.0,0.0,0.0,1.0,0.0,0.0,0.0,0,0,0,0,1.0,0,0,0,מס_אשדוד,2017-09-09,19:15:00,3,0.3333333333333333,0.5,1,0,0
117,באר_שבע,3,0,0,0,0.0,0,0,1,6,7,1,4,0,0,0,4,0,1,0,1,0,2,3,4,1,1,1.0,0,0,0,2,6,0,3,0,1,1,1,18,0,0,0,0,0,0,0,0,5,7,0,6,0,1,0,0,15,6,0,5,0,1,0,1,3,2,1,1,0,0,0,0,1,6.0,0.0,6.0,0.0,1.0,0.0,0.0,15.0,0,0,0,0,0.0,0,0,0,מס_אשדוד,2017-10-29,16:00:00,1,0.1111111111111111,0.3333333333333333,1,0,0
118,באר_שבע,0,7,44,5,0.0,6,4,1,6,30,11,0,12,22,12,6,6,20,6,0,2,13,3,5,12,29,7.0,0,8,12,8,9,40,179,19,0,19,23,16,1,0,3,2,0,0,1,4,93,0,11,44,5,0,2,24,2,0,4,8,4,0,1,15,8,0,6,17,2,0,1,19,8,0.0,14.0,87.0,17.0,0.0,3.0,31.0,5.0,0,0,5,0,0.0,0,1,4,מס_אשדוד,2017-10-29,21:00:00,1,0.1111111111111111,0.3333333333333333,1,0,0
119,מס_אשדוד,0,3,0,0,0.0,0,0,0,0,10,0,5,1,0,1,0,1,1,0,2,1,0,1,1,4,0,0.0,5,1,2,1,0,9,1,0,5,0,1,0,0,5,0,0,0,0,0,0,2,0,8,0,0,5,0,0,0,0,0,0,0,2,0,0,1,0,3,0,0,5,2,0,0,0.0,3.0,0.0,0.0,5.0,0.0,0.0,0.0,0,4,0,0,0.0,0,0,0,מכבי_תל_אביב,2017-12-02,16:00:00,1,0.1111111111111111,0.3333333333333333,1,0,0
120,מס_אשדוד,9,0,0,0,65.0,0,0,0,10,0,0,61,0,0,0,3,0,0,0,19,0,0,0,9,0,0,0.0,0,0,0,0,6,0,0,0,35,0,0,0,6,0,0,0,49,0,0,0,0,122,0,0,0,61,0,0,0,122,0,0,0,19,0,0,0,121,0,0,0,70,0,0,0,126.0,0.0,0.0,0.0,35.0,0.0,0.0,0.0,120,0,0,0,49.0,0,0,0,מכבי_תל_אביב,2017-12-02,16:00:00,1,0.1111111111111111,0.3333333333333333,1,0,0
121,מס_אשדוד,0,1,0,1,3.0,0,0,2,4,5,2,7,0,7,13,1,1,0,0,2,0,1,1,1,4,0,0.0,8,0,1,5,3,3,0,2,5,0,7,16,1,1,0,1,2,0,0,2,1,3,1,1,0,7,0,1,7,2,0,0,0,2,0,0,0,2,0,0,0,8,0,1,2,3.0,1.0,0.0,0.0,5.0,0.0,1.0,5.0,2,0,0,0,2.0,0,0,0,מכבי_נתניה,2018-01-13,18:15:00,1,0.1111111111111111,0.3333333333333333,1,0,0
122,מס_אשדוד,3,6,4,0,1.0,9,14,4,5,7,2,4,13,10,12,5,13,1,0,4,3,5,10,6,8,3,2.0,6,6,14,6,11,28,5,4,5,25,10,18,2,2,1,0,1,0,8,2,6,0,17,3,1,4,15,21,2,1,6,0,0,4,1,6,4,9,18,2,0,6,6,18,1,2.0,13.0,3.0,2.0,5.0,34.0,15.0,7.0,0,4,1,0,1.0,0,8,0,מכבי_נתניה,2018-01-13,18:15:00,1,0.1111111111111111,0.3333333333333333,1,0,0
123,מכבי_חיפה,0,0,3,0,1.0,0,0,0,7,0,0,1,1,2,3,1,0,2,0,1,0,0,2,2,0,8,0.0,2,0,1,1,4,0,5,0,0,1,0,2,0,0,2,0,2,0,0,0,7,2,0,2,0,1,0,0,1,1,0,0,0,1,0,0,1,2,0,3,0,2,0,0,0,0.0,0.0,1.0,0.0,0.0,0.0,0.0,1.0,0,0,1,0,2.0,0,0,0,מס_אשדוד,2018-01-20,18:15:00,1,0.1111111111111111,0.3333333333333333,1,0,0
124,עכו,1,2,0,2,4.0,1,1,0,3,5,11,5,2,4,0,1,3,0,1,2,0,1,0,0,1,0,4.0,3,0,2,1,2,2,1,5,7,1,0,0,0,1,0,0,1,1,1,0,3,0,0,1,2,5,0,4,0,0,0,0,1,2,0,0,0,0,0,0,1,3,0,2,1,1.0,0.0,0.0,0.0,7.0,0.0,0.0,0.0,0,0,0,0,1.0,0,0,0,מס_אשדוד,2018-02-17,18:00:00,3,0.3333333333333333,0.5,1,1,2
125,עכו,0,0,0,0,0.0,0,0,0,1,1,1,0,1,5,0,1,0,0,0,0,1,2,0,2,0,0,1.0,0,0,2,0,1,1,0,2,0,1,4,0,2,2,2,2,3,3,9,0,0,1,0,0,0,0,0,4,0,1,0,0,0,0,0,1,0,1,0,0,0,0,0,1,0,0.0,0.0,0.0,2.0,0.0,0.0,1.0,0.0,1,0,0,2,3.0,1,4,0,מס_אשדוד,2018-02-17,18:00:00,3,0.3333333333333333,0.5,1,0,0
126,מכבי_תל_אביב,0,1,4,0,1.0,0,0,0,6,9,2,3,0,3,2,0,1,1,1,0,0,1,0,3,2,5,3.0,1,0,2,0,4,6,1,1,5,0,0,2,0,0,4,0,0,0,1,0,5,0,2,1,0,3,0,0,1,0,0,0,0,0,0,0,0,0,2,1,0,1,0,0,0,0.0,0.0,0.0,0.0,5.0,0.0,0.0,0.0,0,0,1,0,0.0,0,0,0,מס_אשדוד,2018-03-03,20:30:00,2,0.2222222222222222,0.44095855184409843,1,0,0
127,מכבי_תל_אביב,56,2,11,8,22.0,2,2,1,100,1,9,56,8,5,2,14,1,12,0,14,3,2,1,83,2,15,4.0,50,5,5,2,46,1,26,33,23,6,1,2,36,0,1,1,18,1,0,1,23,364,0,52,2,56,1,0,4,16,0,16,0,14,0,0,0,266,1,36,5,50,4,0,4,123.0,0.0,41.0,10.0,23.0,1.0,0.0,4.0,127,0,4,0,18.0,0,0,4,מס_אשדוד,2018-03-03,20:30:00,2,0.2222222222222222,0.44095855184409843,1,1,3
128,בני_יהודה,1,4,7,3,7.0,6,1,3,5,13,8,11,11,2,6,3,9,8,1,9,8,1,0,9,9,14,3.0,13,8,3,3,7,10,7,8,9,19,2,2,1,3,4,0,2,2,0,0,14,2,24,19,9,11,7,0,3,9,24,13,0,9,4,0,0,7,25,21,4,13,1,0,0,5.0,25.0,13.0,7.0,9.0,27.0,0.0,0.0,0,4,9,0,2.0,0,0,0,מכבי_נתניה,2017-12-09,16:00:00,2,0.2222222222222222,0.44095855184409843,1,0,0
129,בני_יהודה,1,1,5,0,0.0,0,0,0,7,2,0,0,1,0,0,6,1,5,0,0,0,0,0,3,1,8,0.0,0,0,0,1,9,2,17,8,0,1,0,0,0,0,4,0,0,1,0,0,6,0,1,5,0,0,1,0,0,0,1,3,0,0,0,0,0,0,1,17,0,0,0,0,2,1.0,0.0,18.0,0.0,0.0,1.0,0.0,0.0,0,0,8,0,0.0,5,0,0,מכבי_נתניה,2017-12-09,16:00:00,2,0.2222222222222222,0.44095855184409843,1,0,0
130,באר_שבע,6,0,0,0,2.0,1,0,0,6,0,2,7,0,0,0,4,0,0,2,2,1,0,0,10,0,0,4.0,6,1,0,0,13,0,0,3,12,0,0,0,1,0,0,0,1,1,0,0,0,1,0,0,1,7,0,0,0,1,0,0,0,2,0,0,0,1,0,0,2,6,0,0,0,1.0,0.0,0.0,2.0,12.0,0.0,0.0,0.0,0,0,0,0,1.0,0,0,0,מכבי_נתניה,2017-12-17,20:30:00,1,0.1111111111111111,0.3333333333333333,1,1,3
131,באר_שבע,0,0,0,0,0.0,0,0,0,0,0,0,0,0,0,0,0,0,0,0,0,0,0,0,0,0,0,0.0,0,0,0,0,0,0,0,0,0,0,0,0,0,0,0,0,0,0,0,0,0,0,0,0,0,0,0,0,0,0,0,0,0,0,0,0,0,0,0,0,0,0,0,0,0,0.0,0.0,0.0,0.0,0.0,0.0,0.0,0.0,0,0,0,0,0.0,0,0,0,מכבי_נתניה,2017-12-17,20:30:00,1,0.1111111111111111,0.3333333333333333,1,1,2
132,מכבי_נתניה,15,0,0,6,0.0,5,1,9,15,2,4,5,9,3,12,11,1,0,14,2,1,1,10,13,2,0,6.0,4,5,1,6,20,2,2,25,3,9,2,15,7,0,0,1,2,2,1,5,0,11,0,0,9,5,11,7,23,1,0,0,9,2,0,3,21,10,0,0,10,4,10,4,16,15.0,0.0,0.0,12.0,3.0,7.0,1.0,6.0,2,0,0,0,2.0,5,0,0,מכבי_תל_אביב,2018-01-09,21:00:00,2,0.2222222222222222,0.6666666666666666,2,0,0
133,מכבי_נתניה,42,18,14,6,14.0,34,28,1,71,29,37,14,41,52,5,38,12,5,16,7,15,19,1,44,10,17,29.0,9,43,39,4,104,44,17,41,29,31,54,6,17,3,2,3,5,3,20,2,21,131,82,25,42,14,38,74,7,71,23,1,4,7,65,98,1,138,59,14,36,9,32,142,6,172.0,117.0,26.0,249.0,29.0,38.0,176.0,3.0,68,53,2,1,5.0,0,14,1,מכבי_תל_אביב,2018-01-09,21:00:00,2,0.2222222222222222,0.6666666666666666,2,0,0
134,מכבי_נתניה,3,0,9,1,0.0,0,1,1,6,0,4,0,0,4,6,9,1,13,2,0,0,0,1,5,2,19,3.0,1,0,3,3,10,1,60,0,0,1,6,7,3,0,2,0,0,0,0,0,25,2,0,36,2,0,0,0,7,2,0,17,2,0,0,0,0,2,14,30,0,1,0,1,1,3.0,0.0,74.0,0.0,0.0,0.0,0.0,7.0,0,0,20,0,0.0,0,0,0,מכבי_תל_אביב,2018-05-07,20:30:00,1,0.1111111111111111,0.3333333333333333,1,0,0
135,מכבי_נתניה,14,2,0,10,2.0,2,1,2,35,3,23,5,9,5,1,14,0,0,10,0,0,0,0,30,3,0,30.0,2,0,4,2,29,3,0,22,2,18,6,3,10,1,0,9,0,2,0,1,0,92,8,0,31,5,0,7,1,28,0,0,13,0,0,0,0,53,10,0,25,2,0,11,2,324.0,53.0,32.0,18.0,9.0,5.0,0.0,10.0,14,0,0,3,0.0,0,0,6,מכבי_תל_אביב,2018-05-07,20:30:00,1,0.1111111111111111,0.3333333333333333,1,0,0
136,קרית_שמונה,6,27,10,4,0.0,10,6,35,44,78,2,0,19,8,78,15,32,10,2,0,19,1,30,21,48,8,8.0,0,5,6,48,60,81,16,24,0,13,7,97,3,10,5,1,0,0,2,12,16,76,171,37,2,0,12,7,194,26,62,37,2,0,15,1,103,64,125,5,4,0,8,5,158,64.0,175.0,23.0,13.0,0.0,15.0,2.0,187.0,44,16,3,1,0.0,0,5,47,מכבי_תל_אביב,2017-12-23,20:30:00,1,0.1111111111111111,0.3333333333333333,1,0,0
137,קרית_שמונה,0,0,0,0,0.0,0,0,0,0,0,0,0,0,0,0,0,0,0,0,0,0,0,0,0,0,0,0.0,0,0,0,0,0,0,4,0,0,0,0,0,0,0,0,0,0,0,0,0,3,0,0,0,0,0,0,0,0,0,0,0,0,0,0,0,0,0,0,0,0,0,0,0,0,0.0,0.0,0.0,0.0,0.0,0.0,0.0,0.0,0,0,0,0,0.0,0,0,0,מכבי_תל_אביב,2017-12-23,20:30:00,1,0.1111111111111111,0.3333333333333333,1,0,0
138,מכבי_תל_אביב,25,6,18,5,25.0,6,65,18,54,10,7,41,24,125,41,24,10,22,5,19,2,55,23,46,14,33,5.0,46,15,117,30,45,21,49,12,34,33,100,52,20,0,6,1,21,3,56,6,48,169,12,75,26,41,42,278,63,26,6,46,7,19,0,150,27,149,10,60,6,46,36,289,91,71.0,13.0,77.0,15.0,34.0,57.0,217.0,74.0,65,0,6,6,21.0,2,84,11,בני_יהודה,2018-01-28,20:30:00,3,0.3333333333333333,0.5,1,0,0
139,מכבי_תל_אביב,11,8,1,5,3.0,1,0,11,18,4,5,2,3,2,7,10,1,0,4,2,2,0,5,17,3,0,9.0,4,5,2,13,12,4,4,9,1,3,0,7,6,8,0,5,2,2,0,11,0,17,13,0,13,2,6,3,17,8,8,0,10,2,3,0,18,21,16,0,32,4,10,3,43,17.0,17.0,0.0,22.0,1.0,4.0,0.0,24.0,5,39,0,10,2.0,6,0,43,בני_יהודה,2018-01-28,20:30:00,3,0.3333333333333333,0.5,1,0,0
140,באר_שבע,1,21,42,0,40.0,9,9,5,87,26,7,54,4,28,24,44,8,27,4,18,1,11,5,61,15,41,3.0,27,3,15,22,94,26,43,4,69,6,21,37,20,9,16,0,2,0,3,6,44,69,16,51,20,54,0,30,12,32,7,42,2,18,0,11,0,56,23,59,22,27,0,20,88,65.0,21.0,87.0,10.0,69.0,0.0,20.0,11.0,36,32,47,0,2.0,0,3,2,מכבי_תל_אביב,2018-02-04,21:00:00,2,0.2222222222222222,0.6666666666666666,2,1,2
141,באר_שבע,0,0,0,0,0.0,0,0,0,0,0,0,0,0,0,0,0,0,0,0,0,0,0,0,0,0,0,0.0,0,0,0,0,0,0,0,0,0,0,0,0,0,0,0,0,0,0,0,0,0,0,0,0,0,0,0,0,0,0,0,0,0,0,0,0,0,0,0,0,0,0,0,0,0,0.0,0.0,0.0,0.0,0.0,0.0,0.0,0.0,0,0,0,0,0.0,0,0,0,מכבי_תל_אביב,2018-02-04,21:00:00,2,0.2222222222222222,0.6666666666666666,2,0,0
142,באר_שבע,83,30,98,9,8.0,4,0,6,130,32,36,9,8,1,15,53,10,33,11,3,3,1,7,134,30,124,18.0,9,6,3,14,91,27,104,15,6,14,1,14,59,25,81,4,3,3,0,3,96,519,52,309,20,9,5,0,5,195,4,99,1,3,3,0,3,516,54,240,6,9,7,0,11,294.0,41.0,269.0,17.0,6.0,21.0,0.0,1.0,100,22,93,2,3.0,4,0,1,מכבי_תל_אביב,2018-04-09,21:00:00,1,0.1111111111111111,0.3333333333333333,1,0,0
143,באר_שבע,0,0,0,0,0.0,0,0,0,0,0,0,0,0,0,0,0,0,0,0,0,0,0,0,0,0,0,0.0,0,0,0,0,0,0,0,0,0,0,0,0,0,0,0,0,0,0,0,0,0,0,0,0,0,0,0,0,0,0,0,0,0,0,0,0,0,0,0,0,0,0,0,0,0,0.0,0.0,0.0,0.0,0.0,0.0,0.0,0.0,0,0,0,0,0.0,0,0,0,מכבי_תל_אביב,2018-04-09,21:00:00,1,0.1111111111111111,0.3333333333333333,1,0,0
144,בני_יהודה,28,72,5,5,0.0,5,0,18,51,99,10,0,9,2,28,22,22,8,1,0,2,0,6,45,118,24,12.0,0,14,1,37,49,74,20,10,2,21,14,29,16,68,5,8,0,2,2,14,24,89,449,24,17,0,50,21,46,32,55,20,0,0,4,0,5,118,432,26,14,0,23,1,29,89.0,380.0,15.0,11.0,2.0,49.0,31.0,23.0,21,307,1,2,0.0,5,1,3,מכבי_תל_אביב,2018-04-21,20:30:00,1,0.1111111111111111,0.3333333333333333,1,0,0
145,בני_יהודה,7,0,1,0,0.0,0,1,1,19,1,0,1,0,4,0,4,0,0,0,0,0,0,0,11,0,1,0.0,1,0,4,0,14,3,2,1,2,2,8,1,1,0,1,0,1,0,1,0,0,10,0,0,0,1,0,10,0,5,0,0,0,0,0,0,0,11,0,1,0,1,0,4,0,10.0,0.0,4.0,0.0,2.0,0.0,15.0,0.0,0,0,0,0,1.0,0,5,0,מכבי_תל_אביב,2018-04-21,20:30:00,1,0.1111111111111111,0.3333333333333333,1,1,1
